{
    "ActionSound": "",
    "AutoUnlock": true,
    "Cards": [
        "{\n    \"UnitsInDeck\": 4,\n    \"Card\": \"sharkravage\"\n}",
        "{\n    \"UnitsInDeck\": 3,\n    \"Card\": \"bloodrain\"\n}",
        "{\n    \"UnitsInDeck\": 2,\n    \"Card\": \"maim\"\n}",
        "{\n    \"UnitsInDeck\": 2,\n    \"Card\": \"punch\"\n}",
        "{\n    \"UnitsInDeck\": 2,\n    \"Card\": \"flankingstrike\"\n}",
        "{\n    \"UnitsInDeck\": 1,\n    \"Card\": \"cleave\"\n}",
        "{\n    \"UnitsInDeck\": 1,\n    \"Card\": \"sharksharkattack\"\n}"
    ],
    "ChallengePack0": "axman",
    "ChallengePack1": "brawler",
    "ChallengePack2": "marauder",
    "ChallengePack3": "defender",
    "ChallengePack4": "gladiator",
    "ChallengePack5": "destroyer",
    "ChallengePack6": "avenger",
    "CharacterDescription": "Akula is a Shark. A hunter. He needs no reason for doing what he does, he simply finds prey and consumes them.",
    "CharacterDescriptionStrength": "A Slashing/Blunt Warrior who gets stronger the Bloodier his foes.",
    "CharacterName": "Akula",
    "Energy": 1,
    "EnergyTurn": 3,
    "Female": false,
    "FluffOffsetX": 0,
    "FluffOffsetY": 3.40000009536743,
    "HeroClass": "warrior",
    "HeroClassSecondary": "none",
    "HitSound": "",
    "HP": 89,
    "ID": "shark",
    "Item": "sharksharktoothmaul",
    "MaxHP": [
        0,
        5,
        5,
        10,
        10
    ],
    "OrderInList": 5,
    "ResistSlashing": 20,
    "ResistBlunt": 15,
    "ResistPiercing": 20,
    "ResistFire": -10,
    "ResistCold": 20,
    "ResistLightning": 5,
    "ResistHoly": -5,
    "ResistShadow": 5,
    "ResistMind": -5,
    "Speed": 15,
    "SpriteBorderLocked": "akulaSilueta",
    "StickerBase": "",
    "StickerAngry": "",
    "StickerIndifferent": "",
    "StickerLove": "",
    "StickerSurprise": "",
    "StickerOffsetX": 0.100000001490116,
    "SubclassName": "Shark",
    "Trait0": "sharktrait0",
    "Trait1A": "sharktrait1a",
    "Trait1B": "sharktrait1b",
    "Trait2A": "sharktrait2a",
    "Trait2B": "sharktrait2b",
    "Trait3A": "sharktrait3a",
    "Trait3B": "sharktrait3b",
    "Trait4A": "sharktrait4a",
    "Trait4B": "sharktrait4b",
    "CardsSingularity": [
        "sharksharkbite",
        "sharksavagery",
        "bloodrain",
        "flankingstrike",
        "punch",
        "bloodforblood",
        "cleave",
        "pommel",
        "pulverize",
        "groundslam",
        "sweepingstrike",
        "faststrike",
        "bladestorm",
        "allin",
        "maim"
    ]
}